<?xml version="1.0" encoding="UTF-8"?>
<project-private xmlns="http://www.netbeans.org/ns/project-private/1">
    <editor-bookmarks xmlns="http://www.netbeans.org/ns/editor-bookmarks/2" lastBookmarkId="0"/>
    <open-files xmlns="http://www.netbeans.org/ns/projectui-open-files/2">
        <group>
            <file>file:/C:/Users/Jp/Documents/NetBeansProjects/COMPETICION/src/competicion/Stats.java</file>
            <file>file:/C:/Users/Jp/Documents/NetBeansProjects/COMPETICION/src/competicion/Jugador.java</file>
            <file>file:/C:/Users/Jp/Documents/NetBeansProjects/COMPETICION/src/competicion/COMPETICION.java</file>
            <file>file:/C:/Users/Jp/Documents/NetBeansProjects/COMPETICION/src/competicion/Equipo.java</file>
            <file>file:/C:/Users/Jp/Documents/NetBeansProjects/COMPETICION/src/competicion/Partido.java</file>
            <file>file:/C:/Users/Jp/Documents/NetBeansProjects/COMPETICION/src/competicion/EquipoService.java</file>
            <file>file:/C:/Users/Jp/Documents/NetBeansProjects/COMPETICION/src/competicion/ConsultasMethods.java</file>
            <file>file:/C:/Users/Jp/Documents/NetBeansProjects/COMPETICION/src/competicion/Jugadores.java</file>
        </group>
    </open-files>
</project-private>
